<?xml version="1.0"?>
<?xml-stylesheet type="text/xsl" href="CDA.xsl"?>
<ClinicalDocument xmlns:xsi="http://www.w3.org/2001/XMLSchema-instance"
 xsi:schemaLocation="urn:hl7-org:v3 ../../../CDA%20R2/cda-schemas-and-samples/infrastructure/cda/CDA.xsd"
 xmlns="urn:hl7-org:v3"
 xmlns:cda="urn:hl7-org:v3"
 xmlns:sdtc="urn:hl7-org:sdtc">
   
   <!--
********************************************************
  CDA Header
********************************************************
	-->
   <!-- CONF 16791 -->
   <realmCode
      code="US"/>
   
   <!-- CONF 5361 -->
   <typeId
      root="2.16.840.1.113883.1.3"
      extension="POCD_HD000040"/>
   
   <!-- US General Header Template -->
   <!-- CONF 5252 -->
   <templateId
      root="2.16.840.1.113883.10.20.22.1.1"/>
   <!-- *** Note:  The next templateId, code and title will differ depending on what type of document is being sent. *** -->
   <!-- conforms to the document specific requirements  -->
   <templateId
      root="2.16.840.1.113883.10.20.22.1.2"/>
   
   <!-- CONF 5363 -->
   <id
      extension="CCDA"
      root="1.1.1.1.1.1.1.1.1"/>
   
   <!-- CONF 5253 "CCD document" -->
   <code
      codeSystem="2.16.840.1.113883.6.1"
      codeSystemName="LOINC"
      code="34133-9"
      displayName="Summarization of Episode Note"/>
   
   <!-- CONF 5254 -->
   <title>Test Clinic: Health Summary</title>
   
   <!-- CONF 5256 -->
   <effectiveTime
      value="20140212225329+0000"/>
   
   <!-- 5259 -->
   <confidentialityCode
      code="N"
      codeSystem="2.16.840.1.113883.5.25"/>
   
   <!-- 5372 -->
   <languageCode
      code="en-US"/>
   
   <!-- CONF 5266 -->
   <recordTarget>
      
      <!-- CONF 5267 -->
      <patientRole>
         
         <!-- CONF 5268-->
         <id
            extension="1"
            root="2.16.840.1.113883.4.6"/>
         <!-- Fake ID using HL7 example OID. -->
         
         <!-- Patient SSN recorded as an ID -->
         <id
            extension=""
            root="2.16.840.1.113883.4.1"/>
         
         <!-- CONF 5271 -->
         <addr
            use="HP">
            <!-- HP is "primary home" from codeSystem 2.16.840.1.113883.5.1119 -->
            <streetAddressLine>123 Main Street</streetAddressLine>
            <city>Portland</city>
            <state>OR</state>
            <postalCode>97202</postalCode>
            <country nullFlavor="UNK"/>
            <!-- US is "United States" from ISO 3166-1 Country Codes: 1.0.3166.1 -->
         </addr>
         
         <!-- CONF 5280 -->
         <telecom
            value="tel:(503) 234-1120"
            use="HP"/>
         <!-- HP is "primary home" from HL7 AddressUse 2.16.840.1.113883.5.1119 -->
         
         <!-- CONF 5283 -->
         <patient>
            
            <!-- CONF 5284 -->
            <name
               use="L">
               <!-- L is "Legal" from HL7 EntityNameUse 2.16.840.1.113883.5.45 -->
               <given>Krusty</given>
               <!-- CL is "Call me" from HL7 EntityNamePartQualifier 2.16.840.1.113883.5.43 -->
               <family>Klown</family>
            </name>
            <administrativeGenderCode
               code="M"
               codeSystem="2.16.840.1.113883.5.1"
               displayName="Male"/>
            <birthTime
               value="20100513"/>
            
            <maritalStatusCode
               code="M"
               displayName="Married"
               codeSystem="2.16.840.1.113883.5.2"
               codeSystemName="MaritalStatusCode"/>
            <raceCode
               code=""
               displayName=""
               codeSystem="2.16.840.1.113883.6.238"
               codeSystemName="Race and Ethnicity - CDC"/>
            <ethnicGroupCode
               code=""
               displayName=""
               codeSystem="2.16.840.1.113883.6.238"
               codeSystemName="Race and Ethnicity - CDC"/>
                 
            <guardian>
               <code
                  code="MTH"
                  displayName="Mother"
                  codeSystem="2.16.840.1.113883.5.111"
                  codeSystemName="HL7 Role code"/>
               <addr
                  use="HP">
                  <!-- HP is "primary home" from codeSystem 2.16.840.1.113883.5.1119 -->
                  <streetAddressLine>123 Main Street</streetAddressLine>
                  <city>Portland</city>
                  <state></state>
                  <postalCode>97202</postalCode>
                  <country nullFlavor="UNK"/>
                  <!-- US is "United States" from ISO 3166-1 Country Codes: 1.0.3166.1 -->
               </addr>
               <telecom
                  value="tel:(503) 234-1120"
                  use="HP"/>
               <guardianPerson>
                  <name>
                     <given>Evelyn</given>
                     <family>Crabtree</family>
                  </name>
               </guardianPerson>
            </guardian>
            <birthplace nullFlavor="UNK"/>
            
            <!-- FIX  the Code System to be 639.2 -->
            <languageCommunication>
               <languageCode
                  code="eng"/>
               <modeCode
                  code="ESP"
                  displayName="Expressed spoken"
                  codeSystem="2.16.840.1.113883.5.60"
                  codeSystemName="LanguageAbilityMode"/>
               <preferenceInd
                  value="true"/>
            </languageCommunication>
         </patient>
         <providerOrganization>
            <id
               root="1.1.1.1.1.1.1.1.4"/>
            <name>Test Clinic</name>
            <telecom
               use="WP"
               value="tel:(503) 234-1120"/>
            <addr>
               <streetAddressLine>3835 SE Center St.</streetAddressLine>
               <city>Portland</city>
               <state>OR</state>
               <postalCode>97202</postalCode>
               <country nullFlavor="UNK"/>
            </addr>
         </providerOrganization>
      </patientRole>
   </recordTarget>
   
   <author>
      <time
         value="20140212225329+0000"/>
      <assignedAuthor>
         <id
            extension="2"
            root="2.16.840.1.113883.4.6"/>
         <addr>
            <streetAddressLine>3835 SE Center St.</streetAddressLine>
            <city>Portland</city>
            <state>OR</state>
            <postalCode>97202</postalCode>
            <country nullFlavor="UNK"/>
         </addr>
         <telecom
            use="WP"
            value="tel:(503) 234-1120"/>
         <assignedPerson>
            <name>
               <prefix>MD</prefix>
               <given>MIchael</given>
               <family>Chen</family>
            </name>
         </assignedPerson>
      </assignedAuthor>
   </author>
   <dataEnterer>
      <assignedEntity>
         <id
            root="2.16.840.1.113883.4.6"
            extension="999999943252"/>
         <addr>
            <streetAddressLine>3835 SE Center St.</streetAddressLine>
            <city>Portland</city>
            <state>OR</state>
            <postalCode>97202</postalCode>
            <country nullFlavor="UNK"/>try>
         </addr>
         <telecom
            use="WP"
            value="tel:(503) 234-1120"/>
         <assignedPerson>
            <name>
               <given>MIchael</given>
               <family>Chen</family>
            </name>
         </assignedPerson>
      </assignedEntity>
   </dataEnterer>
   <informant>
      <assignedEntity>
         <id
            extension="99999999"
            root="2.16.840.1.113883.19.5"/>
         <addr>
            <streetAddressLine>3835 SE Center St.</streetAddressLine>
            <city>Portland</city>
            <state>OR</state>
            <postalCode>97202</postalCode>
            <country nullFlavor="UNK"/>
         </addr>
         <telecom
            use="WP"
            value="tel:(503) 234-1120"/>
         <assignedPerson>
            <name>
               <given>MIchael</given>
               <family>Chen</family>
            </name>
         </assignedPerson>
      </assignedEntity>
   </informant>
   <custodian>
      <assignedCustodian>
         <representedCustodianOrganization>
            <id
               extension="99999999"
               root="2.16.840.1.113883.4.6"/>
            <name>Test Clinic</name>
            <telecom
               value="tel:(503) 234-1120"
               use="WP"/>
            <addr
               use="WP">
               <streetAddressLine>3835 SE Center St.</streetAddressLine>
               <city>Portland</city>
               <state>OR</state>
               <postalCode>97202</postalCode>
               <country nullFlavor="UNK"/>
            </addr>
         </representedCustodianOrganization>
      </assignedCustodian>
   </custodian>
   <informationRecipient>
      <intendedRecipient>
         <informationRecipient>
            <name>
               <given></given>
               <family></family>
            </name>
         </informationRecipient>
         <receivedOrganization>
            <name>Chen</name>
         </receivedOrganization>
      </intendedRecipient>
   </informationRecipient>
   <legalAuthenticator>
      <time
         value="20140212"/>
      <signatureCode
         code="S"/>
      <assignedEntity>
         <id
            extension="999999999"
            root="2.16.840.1.113883.4.6"/>
         <addr>
            <streetAddressLine>3835 SE Center St.</streetAddressLine>
            <city>Portland</city>
            <state>OR</state>
            <postalCode>97202</postalCode>
            <country nullFlavor="UNK"/>
         </addr>
         <telecom
            use="WP"
            value="tel:(503) 234-1120"/>
         <assignedPerson>
            <name>
               <given>MIchael</given>
               <family>Chen</family>
            </name>
         </assignedPerson>
      </assignedEntity>
   </legalAuthenticator>
   <authenticator>
      <time
         value="20140212"/>
      <signatureCode
         code="S"/>
      <assignedEntity>
         <id
            extension="99999999"
            root="2.16.840.1.113883.4.6"/>
         <addr>
            <streetAddressLine>3835 SE Center St.</streetAddressLine>
            <city>Portland</city>
            <state>OR</state>
            <postalCode>97202</postalCode>
            <country nullFlavor="UNK"/>
         </addr>
         <telecom
            use="WP"
            value="tel:(503) 234-1120"/>
         <assignedPerson>
            <name>
               <given>MIchael</given>
               <family>Chen</family>
            </name>
         </assignedPerson>
      </assignedEntity>
   </authenticator>
   <documentationOf
      typeCode="DOC">
      <serviceEvent
         classCode="PCPR">
         <code
            code="249.00"
            codeSystem="2.16.840.1.113883.6.103"
            codeSystemName="ICD-9-CM"
            displayName="Secondary diabetes mellitus not stated as uncontrolled, or unspecified"/>
         <effectiveTime>
            <low
               value="20130612"/>
            <high
               value="20130612"/>
         </effectiveTime>
         <performer
            typeCode="PRF">
            <functionCode
               code="PP"
               displayName="Primary Care Provider"
               codeSystem="2.16.840.1.113883.12.443"
               codeSystemName="Provider Role">
               <originalText>Primary Care Provider</originalText>
            </functionCode>
            <time>
               <low
                  value="20130612"/>
               <high
                  value="20130612"/>
            </time>
            <assignedEntity>
               <id
                  extension="1023005410"
                  root="2.16.840.1.113883.4.6"/>
               <code
                  code="208D00000X"
                  displayName="General Practice"
                  codeSystemName="Provider Codes"
                  codeSystem="2.16.840.1.113883.6.101"/>
               <addr>
                  <streetAddressLine>3835 SE Center St.</streetAddressLine>
                  <city>Portland</city>
                  <state>OR</state>
                  <postalCode>97202</postalCode>
                  <country nullFlavor="UNK"/>
               </addr>
               <telecom
                  value="tel:(503) 234-1120"
                  use="WP"/>
               <assignedPerson>
                  <name>
                     <prefix>MD</prefix>
                     <given>MIchael</given>
                     <family>Chen</family>
                  </name>
               </assignedPerson>
               <representedOrganization>
                  <id
                     root="2.16.840.1.113883.19.5.9999.1393"/>
                  <name>Test Clinic</name>
                  <telecom
                     value="tel:(503) 234-1120"
                     use="WP"/>
                  <addr>
                     <streetAddressLine>3835 SE Center St.</streetAddressLine>
                     <city>Portland</city>
                     <state>OR</state>
                     <postalCode>97202</postalCode>
                     <country nullFlavor="UNK"/>
                  </addr>
               </representedOrganization>
            </assignedEntity>
         </performer>
      </serviceEvent>
   </documentationOf>
   
   <componentOf>
      <encompassingEncounter>
         <id extension="13" root="2.16.840.1.113883.4.6"/>
         <code
            code="249.00"
            codeSystem="2.16.840.1.113883.6.103"
            codeSystemName="ICD-9-CM"
            displayName="Secondary diabetes mellitus not stated as uncontrolled, or unspecified"/>
         <effectiveTime>
            <low
               value="20130612"/>
            <high
               value="20130612"/>
         </effectiveTime>
         <responsibleParty>
            <assignedEntity>
               <id root="2.16.840.1.113883.4.6"/>
               <assignedPerson>
                  <name>
                     <prefix>MD</prefix>
                     <given>MIchael</given>
                     <family>Chen</family>
                  </name>
               </assignedPerson>
            </assignedEntity>
         </responsibleParty>
         <encounterParticipant typeCode="ATND">
            <assignedEntity>
               <id root="2.16.840.1.113883.4.6"/>
               <assignedPerson>
                  <name>
                     <prefix>MD</prefix>
                     <given>MIchael</given>
                     <family>Chen</family>
                  </name>
               </assignedPerson>
            </assignedEntity>
         </encounterParticipant>
         <location>
            <healthCareFacility>
               <id root="2.16.840.1.113883.4.6"/>
            </healthCareFacility>
         </location>
      </encompassingEncounter>
   </componentOf>
   <!-- ********************************************************
     CDA Body
     ******************************************************** -->
   <component>
      <structuredBody>
         <!-- *********************** -->
       
         <!--
********************************************************
Allergies, Adverse Reactions, Alerts
********************************************************
-->
         <component>
            <section>
               <templateId
                  root="2.16.840.1.113883.10.20.22.2.6.1"/>
               <!-- Alerts section template -->
               <code
                  code="48765-2"
                  codeSystem="2.16.840.1.113883.6.1"/>
               <title>ALLERGIES, ADVERSE REACTIONS, ALERTS</title>
               <text>
                  <table
                     border="1"
                     width="100%">
                     <thead>
                        <tr>
                           <th>Substance</th>
                           <th>Reaction</th>
                           <th>Severity</th>
                           <th>Status</th>
                        </tr>
                     </thead>
                     <tbody>
                        <tr><td>Lisinopril, tablet</td><td><content ID='reaction1'>Rash, cough</content></td><td><content ID='severity1'></content></td><td>Active</td></tr><tr><td>Tessalon, capsule</td><td><content ID='reaction2'>Cough</content></td><td><content ID='severity2'></content></td><td>Inactive</td></tr><tr><td>Amoxicillin, tablet, film coated</td><td><content ID='reaction3'>Rash</content></td><td><content ID='severity3'></content></td><td>Active</td></tr>
                     </tbody>
                  </table>
               </text>
               <entry
                  typeCode="DRIV">
                  <act
                     classCode="ACT"
                     moodCode="EVN">
                     <templateId
                        root="2.16.840.1.113883.10.20.22.4.30"/>
                     <!-- ** Allergy problem act ** -->
                     <id
                        root="a6bd6f0d-6a9d-4914-8dbf-a681d0202be5"/>
                     <code
                        code="48765-2"
                        codeSystem="2.16.840.1.113883.6.1"
                        codeSystemName="LOINC"
                        displayName="Allergies, adverse reactions, alerts"/>
                     <statusCode
                        code="completed"/>
                     <effectiveTime
                        value="20140208">
                        <low
                           value="20140208"/>
                        <high
                           value="?allergies_date_inactive?"/>
                     </effectiveTime>
                     <entryRelationship
                        typeCode="SUBJ">
                        <observation
                           classCode="OBS"
                           moodCode="EVN">
                           <!-- allergy observation template -->
                           <templateId
                              root="2.16.840.1.113883.10.20.22.4.7"/>
                           <id
                              root="ff8e2153-d19c-4125-88fb-ac540455178e"/>
                           <code
                              code="ASSERTION"
                              codeSystem="2.16.840.1.113883.5.4"/>
                           <statusCode
                              code="completed"/>
                           <effectiveTime>
                              <low nullFlavor="UNK"/>
                              <high  value="?allergies_date_inactive?"/>
                           </effectiveTime>
                           <value
                              xsi:type="CD"
                              code="419511003"
                              displayName="Propensity to adverse reaction to drug"
                              codeSystem="2.16.840.1.113883.6.96"
                              codeSystemName="SNOMED CT">
                              <originalText>
                                 <reference
                                    value="#reaction1"/>
                              </originalText>
                           </value>
                           <participant
                              typeCode="CSM">
                              <participantRole
                                 classCode="MANU">
                                 <playingEntity
                                    classCode="MMAT">
                                    <code
                                       code="7982"
                                       displayName="Lisinopril, tablet"
                                       codeSystem="2.16.840.1.113883.6.88"
                                       codeSystemName="RxNorm">
                                       <originalText>
                                          <reference
                                             value="#reaction1"/>
                                       </originalText>
                                    </code>
                                 </playingEntity>
                              </participantRole>
                           </participant>
                           <entryRelationship
                              typeCode="SUBJ"
                              inversionInd="true">
                              <observation
                                 classCode="OBS"
                                 moodCode="EVN">
                                 <templateId
                                    root="2.16.840.1.113883.10.20.22.4.28"/>
                                 <!-- Allergy status observation template -->
                                 <code
                                    code="33999-4"
                                    codeSystem="2.16.840.1.113883.6.1"
                                    codeSystemName="LOINC"
                                    displayName="Status"/>
                                 <statusCode
                                    code="completed"/>
                                 <value
                                    xsi:type="CE"
                                    code="73425007"
                                    codeSystem="2.16.840.1.113883.6.96"
                                    displayName="Active"/>
                              </observation>
                           </entryRelationship>
                           <entryRelationship
                              typeCode="MFST"
                              inversionInd="true">
                              <observation
                                 classCode="OBS"
                                 moodCode="EVN">
                                 <templateId
                                    root="2.16.840.1.113883.10.20.22.4.9"/>
                                 <!-- Reaction observation template -->
                                 <id
                                    root="ea772137-201c-4f50-afaa-422f3020d573"/>
                                 <code
                                    nullFlavor="NA"/>
                                 <text>
                                    <reference
                                       value="#reaction1"/>
                                 </text>
                                 <statusCode
                                    code="completed"/>
                                 <effectiveTime>
                                    <low
                                       value="20140208"/>
                                 </effectiveTime>
                                 <value xsi:type="CD" nullFlavor="UNK">
                                    <originalText>
                                       <reference value="#reaction1"/>
                                    </originalText>
                                 </value>
                              </observation>
                           </entryRelationship>
                           <entryRelationship
                              typeCode="SUBJ"
                              inversionInd="true">
                              <observation
                                 classCode="OBS"
                                 moodCode="EVN">
                                 <templateId
                                    root="2.16.840.1.113883.10.20.22.4.8"/>
                                 <!-- ** Severity observation template ** -->
                                 <code xsi:type="CE"
                                    code="SEV"
                                    displayName="Severity Observation"
                                    codeSystem="2.16.840.1.113883.5.4"
                                    codeSystemName="ActCode"/>
                                 <text>
                                    <reference
                                       value="#severity1"/>
                                 </text>
                                 <statusCode
                                    code="completed"/>
                                 <value
                                    xsi:type="CD"
                                    code="?allergies_severity_code?"
                                    displayName="?allergies_severity?"
                                    codeSystem="2.16.840.1.113883.6.96"
                                    codeSystemName="SNOMED CT"/>
                              </observation>
                           </entryRelationship>
                        </observation>
                     </entryRelationship>
                  </act>
               </entry>

               <entry
                  typeCode="DRIV">
                  <act
                     classCode="ACT"
                     moodCode="EVN">
                     <templateId
                        root="2.16.840.1.113883.10.20.22.4.30"/>
                     <!-- ** Allergy problem act ** -->
                     <id
                        root="348049f2-6c63-432f-b9bc-003deeacefba"/>
                     <code
                        code="48765-2"
                        codeSystem="2.16.840.1.113883.6.1"
                        codeSystemName="LOINC"
                        displayName="Allergies, adverse reactions, alerts"/>
                     <statusCode
                        code="completed"/>
                     <effectiveTime
                        value="20140208">
                        <low
                           value="20140208"/>
                        <high
                           value="20140208"/>
                     </effectiveTime>
                     <entryRelationship
                        typeCode="SUBJ">
                        <observation
                           classCode="OBS"
                           moodCode="EVN">
                           <!-- allergy observation template -->
                           <templateId
                              root="2.16.840.1.113883.10.20.22.4.7"/>
                           <id
                              root="7c2f09a6-6192-49b1-9810-63a30e8ea1ba"/>
                           <code
                              code="ASSERTION"
                              codeSystem="2.16.840.1.113883.5.4"/>
                           <statusCode
                              code="completed"/>
                           <effectiveTime>
                              <low nullFlavor="UNK"/>
                              <high  value="20140208"/>
                           </effectiveTime>
                           <value
                              xsi:type="CD"
                              code="419511003"
                              displayName="Propensity to adverse reaction to drug"
                              codeSystem="2.16.840.1.113883.6.96"
                              codeSystemName="SNOMED CT">
                              <originalText>
                                 <reference
                                    value="#reaction2"/>
                              </originalText>
                           </value>
                           <participant
                              typeCode="CSM">
                              <participantRole
                                 classCode="MANU">
                                 <playingEntity
                                    classCode="MMAT">
                                    <code
                                       code="7982"
                                       displayName="Tessalon, capsule"
                                       codeSystem="2.16.840.1.113883.6.88"
                                       codeSystemName="RxNorm">
                                       <originalText>
                                          <reference
                                             value="#reaction2"/>
                                       </originalText>
                                    </code>
                                 </playingEntity>
                              </participantRole>
                           </participant>
                           <entryRelationship
                              typeCode="SUBJ"
                              inversionInd="true">
                              <observation
                                 classCode="OBS"
                                 moodCode="EVN">
                                 <templateId
                                    root="2.16.840.1.113883.10.20.22.4.28"/>
                                 <!-- Allergy status observation template -->
                                 <code
                                    code="33999-4"
                                    codeSystem="2.16.840.1.113883.6.1"
                                    codeSystemName="LOINC"
                                    displayName="Status"/>
                                 <statusCode
                                    code="completed"/>
                                 <value
                                    xsi:type="CE"
                                    code="73425007"
                                    codeSystem="2.16.840.1.113883.6.96"
                                    displayName="Inactive"/>
                              </observation>
                           </entryRelationship>
                           <entryRelationship
                              typeCode="MFST"
                              inversionInd="true">
                              <observation
                                 classCode="OBS"
                                 moodCode="EVN">
                                 <templateId
                                    root="2.16.840.1.113883.10.20.22.4.9"/>
                                 <!-- Reaction observation template -->
                                 <id
                                    root="67ddf581-1939-428c-b014-a624f14c3358"/>
                                 <code
                                    nullFlavor="NA"/>
                                 <text>
                                    <reference
                                       value="#reaction2"/>
                                 </text>
                                 <statusCode
                                    code="completed"/>
                                 <effectiveTime>
                                    <low
                                       value="20140208"/>
                                 </effectiveTime>
                                 <value xsi:type="CD" nullFlavor="UNK">
                                    <originalText>
                                       <reference value="#reaction2"/>
                                    </originalText>
                                 </value>
                              </observation>
                           </entryRelationship>
                           <entryRelationship
                              typeCode="SUBJ"
                              inversionInd="true">
                              <observation
                                 classCode="OBS"
                                 moodCode="EVN">
                                 <templateId
                                    root="2.16.840.1.113883.10.20.22.4.8"/>
                                 <!-- ** Severity observation template ** -->
                                 <code xsi:type="CE"
                                    code="SEV"
                                    displayName="Severity Observation"
                                    codeSystem="2.16.840.1.113883.5.4"
                                    codeSystemName="ActCode"/>
                                 <text>
                                    <reference
                                       value="#severity2"/>
                                 </text>
                                 <statusCode
                                    code="completed"/>
                                 <value
                                    xsi:type="CD"
                                    code="?allergies_severity_code?"
                                    displayName="?allergies_severity?"
                                    codeSystem="2.16.840.1.113883.6.96"
                                    codeSystemName="SNOMED CT"/>
                              </observation>
                           </entryRelationship>
                        </observation>
                     </entryRelationship>
                  </act>
               </entry>

               <entry
                  typeCode="DRIV">
                  <act
                     classCode="ACT"
                     moodCode="EVN">
                     <templateId
                        root="2.16.840.1.113883.10.20.22.4.30"/>
                     <!-- ** Allergy problem act ** -->
                     <id
                        root="a391ab4c-8130-40fe-94a2-64a6494c7850"/>
                     <code
                        code="48765-2"
                        codeSystem="2.16.840.1.113883.6.1"
                        codeSystemName="LOINC"
                        displayName="Allergies, adverse reactions, alerts"/>
                     <statusCode
                        code="completed"/>
                     <effectiveTime
                        value="20140208">
                        <low
                           value="20140208"/>
                        <high
                           value="?allergies_date_inactive?"/>
                     </effectiveTime>
                     <entryRelationship
                        typeCode="SUBJ">
                        <observation
                           classCode="OBS"
                           moodCode="EVN">
                           <!-- allergy observation template -->
                           <templateId
                              root="2.16.840.1.113883.10.20.22.4.7"/>
                           <id
                              root="c71c9d60-0f57-4573-9303-5476318acf3a"/>
                           <code
                              code="ASSERTION"
                              codeSystem="2.16.840.1.113883.5.4"/>
                           <statusCode
                              code="completed"/>
                           <effectiveTime>
                              <low nullFlavor="UNK"/>
                              <high  value="?allergies_date_inactive?"/>
                           </effectiveTime>
                           <value
                              xsi:type="CD"
                              code="419511003"
                              displayName="Propensity to adverse reaction to drug"
                              codeSystem="2.16.840.1.113883.6.96"
                              codeSystemName="SNOMED CT">
                              <originalText>
                                 <reference
                                    value="#reaction3"/>
                              </originalText>
                           </value>
                           <participant
                              typeCode="CSM">
                              <participantRole
                                 classCode="MANU">
                                 <playingEntity
                                    classCode="MMAT">
                                    <code
                                       code="7982"
                                       displayName="Amoxicillin, tablet, film coated"
                                       codeSystem="2.16.840.1.113883.6.88"
                                       codeSystemName="RxNorm">
                                       <originalText>
                                          <reference
                                             value="#reaction3"/>
                                       </originalText>
                                    </code>
                                 </playingEntity>
                              </participantRole>
                           </participant>
                           <entryRelationship
                              typeCode="SUBJ"
                              inversionInd="true">
                              <observation
                                 classCode="OBS"
                                 moodCode="EVN">
                                 <templateId
                                    root="2.16.840.1.113883.10.20.22.4.28"/>
                                 <!-- Allergy status observation template -->
                                 <code
                                    code="33999-4"
                                    codeSystem="2.16.840.1.113883.6.1"
                                    codeSystemName="LOINC"
                                    displayName="Status"/>
                                 <statusCode
                                    code="completed"/>
                                 <value
                                    xsi:type="CE"
                                    code="73425007"
                                    codeSystem="2.16.840.1.113883.6.96"
                                    displayName="Active"/>
                              </observation>
                           </entryRelationship>
                           <entryRelationship
                              typeCode="MFST"
                              inversionInd="true">
                              <observation
                                 classCode="OBS"
                                 moodCode="EVN">
                                 <templateId
                                    root="2.16.840.1.113883.10.20.22.4.9"/>
                                 <!-- Reaction observation template -->
                                 <id
                                    root="cd7ff794-e5a5-469c-adcf-dba2c33ebc12"/>
                                 <code
                                    nullFlavor="NA"/>
                                 <text>
                                    <reference
                                       value="#reaction3"/>
                                 </text>
                                 <statusCode
                                    code="completed"/>
                                 <effectiveTime>
                                    <low
                                       value="20140208"/>
                                 </effectiveTime>
                                 <value xsi:type="CD" nullFlavor="UNK">
                                    <originalText>
                                       <reference value="#reaction3"/>
                                    </originalText>
                                 </value>
                              </observation>
                           </entryRelationship>
                           <entryRelationship
                              typeCode="SUBJ"
                              inversionInd="true">
                              <observation
                                 classCode="OBS"
                                 moodCode="EVN">
                                 <templateId
                                    root="2.16.840.1.113883.10.20.22.4.8"/>
                                 <!-- ** Severity observation template ** -->
                                 <code xsi:type="CE"
                                    code="SEV"
                                    displayName="Severity Observation"
                                    codeSystem="2.16.840.1.113883.5.4"
                                    codeSystemName="ActCode"/>
                                 <text>
                                    <reference
                                       value="#severity3"/>
                                 </text>
                                 <statusCode
                                    code="completed"/>
                                 <value
                                    xsi:type="CD"
                                    code="?allergies_severity_code?"
                                    displayName="?allergies_severity?"
                                    codeSystem="2.16.840.1.113883.6.96"
                                    codeSystemName="SNOMED CT"/>
                              </observation>
                           </entryRelationship>
                        </observation>
                     </entryRelationship>
                  </act>
               </entry>


            </section>
         </component>
         
         <!--
********************************************************
ENCOUNTERS
********************************************************
-->
         <component>
            <section>
               <templateId
                  root="2.16.840.1.113883.10.20.22.2.22.1"/>
               <!-- Encounters Section - required entries -->
               <code
                  code="46240-8"
                  codeSystem="2.16.840.1.113883.6.1"
                  codeSystemName="LOINC"
                  displayName="History of encounters"/>
               <title>ENCOUNTERS</title>
               <text>
                  <table
                     border="1"
                     width="100%">
                     <thead>
                        <tr>
                           <th>Encounter</th>
                           <th>Performer</th>
                           <th>Location</th>
                           <th>Date</th>
                        </tr>
                     </thead>
                     <tbody>
                        <tr>
                           <td><content ID='Encounter1'>Test1</content></td>
                           <td>MIchael Chen, MD</td>
                           <td>Test Clinic</td>
                           <td>06-12-2013</td>
                        </tr>
                     </tbody>
                  </table>
               </text>
               <entry
                  typeCode="DRIV">
                  <encounter
                     classCode="ENC"
                     moodCode="EVN">
                     <templateId
                        root="2.16.840.1.113883.10.20.22.4.49"/>
                     <!-- Encounter Activities -->
                     <!--  ********  Encounter activity template   ******** -->
                     <id
                        root="8d940713-bcc8-4d0c-9afe-89ded132292c"/>
                     <code nullFlavor="UNK">
                        <originalText>
                           <reference value="13"/>
                        </originalText>
                     </code>
                    <effectiveTime
                        value="20130612"/>
                     <performer>
                        <assignedEntity classCode="ASSIGNED">
                        <id extension="8494f92a-b5ec-46f9-b20f-139b199128ad" root="2.201"/>
                           <addr>
                              <streetAddressLine>3835 SE Center St.</streetAddressLine>
                              <city>Portland</city>
                              <state>OR</state>
                              <postalCode>97202</postalCode>
                              <country nullFlavor="UNK"/>
                           </addr>
                           <telecom
                              value="tel:(503) 234-1120"
                              use="WP"/>
                           <assignedPerson>
                              <name>
                                 <prefix>MD</prefix>
                                 <given>MIchael</given>
                                 <family>Chen</family>
                              </name>
                           </assignedPerson>
                           <representedOrganization>
                              <id
                                 root="2.16.840.1.113883.19.5.9999.1393"/>
                              <name>Test Clinic</name>
                              <telecom
                                 value="tel:(503) 234-1120"
                                 use="WP"/>
                              <addr>
                                 <streetAddressLine>3835 SE Center St.</streetAddressLine>
                                 <city>Portland</city>
                                 <state>OR</state>
                                 <postalCode>97202</postalCode>
                                 <country nullFlavor="UNK"/>
                              </addr>
                           </representedOrganization>
                        </assignedEntity>
                     </performer>
                     <participant
                        typeCode="LOC">
                        <participantRole
                           classCode="SDLOC">
                           <templateId
                              root="2.16.840.1.113883.10.20.22.4.32"/>
                           <!-- Service Delivery Location template -->
                           <code nullFlavor="UNK"/>
                           <addr>
                              <streetAddressLine>3835 SE Center St.</streetAddressLine>
                              <city>Portland</city>
                              <state>OR</state>
                              <postalCode>97202</postalCode>
                              <country>US</country>
                           </addr>
                           <telecom
                              nullFlavor="UNK"/>
                           <playingEntity
                              classCode="PLC">
                              <name>Test Clinic</name>
                           </playingEntity>
                        </participantRole>
                     </participant>
                     <entryRelationship
                        typeCode="RSON">
                        <observation
                           classCode="OBS"
                           moodCode="EVN">
                           <templateId
                              root="2.16.840.1.113883.10.20.22.4.19"/>
                           <id
                              root="920fc01c-d041-456d-b368-5a6119be8989"
                              extension="45665"/>
                           <code
                              code="409586006"
                              displayName="Complaint"
                              codeSystem="2.16.840.1.113883.6.96"
                              codeSystemName="SNOMED CT"/>
                           <statusCode
                              code="completed"/>
                           <effectiveTime>
                              <low
                                 value="20130612"/>
                           </effectiveTime>
                           <value nullFlavor="UNK" xsi:type="CD">
                              <originalText>
                                 <reference value="#Encounter1"/>
                              </originalText>
                           </value>
                        </observation>
                     </entryRelationship>
                     <entryRelationship
                        typeCode="SUBJ" inversionInd="false">
                        <act classCode="ACT" moodCode="EVN">
                           
                           <!--Encounter diagnosis act -->
                           <templateId root="2.16.840.1.113883.10.20.22.4.80"/>
                           
                           <id root="f9a3fbde-d144-4b7d-b352-bb709d842d20"/>
                           <code xsi:type="CE" 
                              code="29308-4"
                              codeSystem="2.16.840.1.113883.6.1" 
                              codeSystemName="LOINC"
                              displayName="ENCOUNTER DIAGNOSIS"/>
                           <statusCode code="active"/>
                           <effectiveTime>
                              <low value="20130612"/>
                           </effectiveTime>
                           <entryRelationship typeCode="SUBJ" inversionInd="false">
                              <observation classCode="OBS" moodCode="EVN" negationInd="false">
                                 <templateId root="2.16.840.1.113883.10.20.22.4.4"/>
                                 <!-- Problem Observation -->
                                 <id
                                    root="bd639aed-f53b-457a-9d7b-8e3183814c7f"/>
                                 <code
                                    code="282291009"
                                    codeSystem="2.16.840.1.113883.6.96"
                                    displayName="Diagnosis"/>
                                 <statusCode
                                    code="completed"/>
                                 <effectiveTime>
                                    <low
                                       value="20130612"/>
                                 </effectiveTime>
                                 <value
                                    xsi:type="CD"
                                    code="249.00"
                                    codeSystem="2.16.840.1.113883.6.103"
                                    displayName="Secondary diabetes mellitus not stated as uncontrolled, or unspecified"/>
                              </observation>
                           </entryRelationship>
                        </act>
                     </entryRelationship>


                  </encounter>
               </entry>
            </section>
         </component>
        
         <!--
********************************************************
IMMUNIZATIONS
********************************************************
-->
         <component>
            <section>
               <templateId
                  root="2.16.840.1.113883.10.20.22.2.2.1"/>
               <!-- Entries Required -->
               <!--  ********  Immunizations section template   ******** -->
               <code
                  code="11369-6"
                  codeSystem="2.16.840.1.113883.6.1"
                  codeSystemName="LOINC"
                  displayName="History of immunizations"/>
               <title>IMMUNIZATIONS</title>
               <text><content
                     ID="immunSect"/>
                  <table
                     border="1"
                     width="100%">
                     <thead>
                        <tr>
                           <th>Vaccine</th>
                           <th>Date</th>
                           <th>Status</th>
                        </tr>
                     </thead>
                     <tbody>
                        <tr><td><content ID='immun1'>DTaP-hepatitis B and poliovirus vaccine</content></td><td>02-11-2014</td><td>Completed</td></tr><tr><td><content ID='immun2'>Hepatitis C vaccine</content></td><td>07-26-2013</td><td>Completed</td></tr>
                     </tbody>
                  </table>
               </text>
               <entry
                  typeCode="DRIV">
                  <substanceAdministration
                     classCode="SBADM"
                     moodCode="EVN"
                     negationInd="false">
                     <templateId
                        root="2.16.840.1.113883.10.20.22.4.52"/>
                     <!--  ********   Immunization activity template    ******** -->
                     <id
                        root="46f2a7b7-20c8-4918-b997-73758a52ab73"/>
                     <text>
                        <reference
                           value="#immun1"/>
                     </text>
                     <statusCode
                        code="completed"/>
                     <effectiveTime
                        xsi:type="IVL_TS"
                        value="20140211"/>
                     <routeCode
                        code="C28161"
                        codeSystem="2.16.840.1.113883.3.26.1.1"
                        codeSystemName="National Cancer Institute (NCI) Thesaurus"
                        displayName="Intramuscular Route of Administration"/>
                     <doseQuantity
                        value="0.5"
                        unit="mL"/>
                     <consumable>
                        <manufacturedProduct
                           classCode="MANU">
                           <templateId
                              root="2.16.840.1.113883.10.20.22.4.54"/>
                           <!--  ********   Immunization Medication Information    ******** -->
                           <manufacturedMaterial>
                              <code
                                 code="110"
                                 codeSystem="2.16.840.1.113883.6.59"
                                 displayName="DTaP-hepatitis B and poliovirus vaccine"
                                 codeSystemName="CVX">
                                 <originalText>DTaP-hepatitis B and poliovirus vaccine</originalText>
                              </code>
                           </manufacturedMaterial>
                           <manufacturerOrganization>
                              <name>Awfwaef</name>
                           </manufacturerOrganization>
                        </manufacturedProduct>
                     </consumable>
                  </substanceAdministration>
               </entry>

               <entry
                  typeCode="DRIV">
                  <substanceAdministration
                     classCode="SBADM"
                     moodCode="EVN"
                     negationInd="false">
                     <templateId
                        root="2.16.840.1.113883.10.20.22.4.52"/>
                     <!--  ********   Immunization activity template    ******** -->
                     <id
                        root="43d4d6f4-871d-4ef2-a665-df71fa5a23cf"/>
                     <text>
                        <reference
                           value="#immun2"/>
                     </text>
                     <statusCode
                        code="completed"/>
                     <effectiveTime
                        xsi:type="IVL_TS"
                        value="20130726"/>
                     <routeCode
                        code="C28161"
                        codeSystem="2.16.840.1.113883.3.26.1.1"
                        codeSystemName="National Cancer Institute (NCI) Thesaurus"
                        displayName="Intramuscular Route of Administration"/>
                     <doseQuantity
                        value="0.5"
                        unit="mL"/>
                     <consumable>
                        <manufacturedProduct
                           classCode="MANU">
                           <templateId
                              root="2.16.840.1.113883.10.20.22.4.54"/>
                           <!--  ********   Immunization Medication Information    ******** -->
                           <manufacturedMaterial>
                              <code
                                 code="58"
                                 codeSystem="2.16.840.1.113883.6.59"
                                 displayName="Hepatitis C vaccine"
                                 codeSystemName="CVX">
                                 <originalText>Hepatitis C vaccine</originalText>
                              </code>
                           </manufacturedMaterial>
                           <manufacturerOrganization>
                              <name></name>
                           </manufacturerOrganization>
                        </manufacturedProduct>
                     </consumable>
                  </substanceAdministration>
               </entry>


            </section>
         </component>
         
        
         <!--
********************************************************
MEDICATIONS
********************************************************
-->
         <component>
            <section>
               <templateId
                  root="2.16.840.1.113883.10.20.22.2.1.1"/>
               <code
                  code="10160-0"
                  codeSystem="2.16.840.1.113883.6.1"
                  codeSystemName="LOINC"
                  displayName="HISTORY OF MEDICATION USE"/>
               <title>Medications</title>
               <text>
                  <table
                     border="1"
                     width="100%">
                     <thead>
                        <tr>
                           <th>Medication</th>
                           <th>Directions</th>
                           <th>Start Date</th>
                           <th>Status</th>
                           <th>Indications</th>
                           <th>Fill Instructions</th>
                        </tr>
                     </thead>
                     <tbody>
                        <tr><td><content ID='med1'>DOXYCYCLINE HYCLATE, tablet, delayed release 100 mg/1</content></td><td>1 tablet by mouth twice daily</td><td>08-21-2013</td><td>Active</td><td>infection</td></tr>
                     </tbody>
                  </table>
               </text>
               <entry
                  typeCode="DRIV">
                  <substanceAdministration
                     classCode="SBADM"
                     moodCode="EVN">
                     <templateId
                        root="2.16.840.1.113883.10.20.22.4.16"/>
                     <!-- ** MEDICATION ACTIVITY -->
                     <id
                        root="8470d7f5-6365-4063-9a10-786a6e697a62"/>
                     <text>
                        <reference
                           value="#med1"/>Doxycycline 100 MG Enteric Coated Tablet</text>
                     <statusCode
                        code="completed"/>
                     <effectiveTime
                        xsi:type="IVL_TS">
                        <low
                           value="20130821"/>
                     </effectiveTime>
                    <routeCode
                        code="C38289"
                        codeSystem="2.16.840.1.113883.3.26.1.1"
                        codeSystemName="NCI Thesaurus"
                        displayName="Oropharyngeal Route of Administration"/>
                     <doseQuantity
                        value="100"
                        unit="mg/1"/>
                     <consumable>
                        <manufacturedProduct
                           classCode="MANU">
                           <templateId
                              root="2.16.840.1.113883.10.20.22.4.23"/>
                           <id
                              root="d7c7dbda-bee6-47d9-8ae2-24d4e1cd5b08"/>
                           <manufacturedMaterial>
                              <code
                                 code="434018"
                                 codeSystem="2.16.840.1.113883.6.88"
                                 displayName="Doxycycline 100 MG Enteric Coated Tablet">
                                 <originalText><reference
                                       value="#med1"/></originalText>
                                 <translation
                                    code="434018"
                                    displayName="Doxycycline 100 MG Enteric Coated Tablet"
                                    codeSystem="2.16.840.1.113883.6.88"
                                    codeSystemName="RxNorm"/>
                              </code>
                           </manufacturedMaterial>
                        </manufacturedProduct>
                     </consumable>
                  </substanceAdministration>
               </entry>


            </section>
         </component>
         
         <!--
********************************************************
CARE PLAN
********************************************************
-->
         <component>
            <section>
               <templateId
                  root="2.16.840.1.113883.10.20.22.2.10"/>
               <!--  **** Plan of Care section template  **** -->
               <code
                  code="18776-5"
                  codeSystem="2.16.840.1.113883.6.1"
                  codeSystemName="LOINC"
                  displayName="Treatment plan"/>
               <title>CARE PLAN</title>
               <text>
                  <table
                     border="1"
                     width="100%">
                     <thead>
                        <tr>
                           <th>Planned Activity</th>
                           <th>Planned Date</th>
                        </tr>
                     </thead>
                     <tbody>
                        <tr><td><content ID='orders_labs_1'>Comprehensive metabolic panel (CMP)</td><td>08-01-2013</td></tr><tr><td><content ID='orders_labs_2'></td><td>08-01-2013</td></tr>
                     </tbody>
                  </table>
               </text>
               <entry>
                  <encounter
                     moodCode="RQO"
                     classCode="PROC">
                     <templateId
                        root="2.16.840.1.113883.10.20.22.4.41"/>
                     <!--  ****  Plan of Care Activity Encounter template  **** -->
                     <id
                        root="e64ad9b1-aab2-446a-a25d-0f067fec03d7"/>
                     <code nullFlavor="NA"/>
                     <text>Comprehensive metabolic panel (CMP)<reference value="#orders_lab_1"/></text>
                     <statusCode
                        code="new"/>
                     <effectiveTime>
                        <center value="20130801"/>
                     </effectiveTime>
                  </encounter>
               </entry>
               
               <entry>
                  <encounter
                     moodCode="RQO"
                     classCode="PROC">
                     <templateId
                        root="2.16.840.1.113883.10.20.22.4.41"/>
                     <!--  ****  Plan of Care Activity Encounter template  **** -->
                     <id
                        root="b399b8a8-527d-48d0-ab46-9dcd046fb0f5"/>
                     <code nullFlavor="NA"/>
                     <text><reference value="#orders_lab_2"/></text>
                     <statusCode
                        code="new"/>
                     <effectiveTime>
                        <center value="20130801"/>
                     </effectiveTime>
                  </encounter>
               </entry>
               

            </section>
         </component>
         
         <!--
********************************************************
PROBLEM LIST
********************************************************
-->
         <component>
            <section>
               <templateId
                  root="2.16.840.1.113883.10.20.22.2.5.1"/>
               <code
                  code="11450-4"
                  codeSystem="2.16.840.1.113883.6.1"
                  codeSystemName="LOINC"
                  displayName="PROBLEM LIST"/>
               <title>PROBLEMS</title>
               <text><content
                     ID="problems"/>
                  <list listType='ordered'><item><content ID='problem1'>Secondary diabetes mellitus uncontrolled [249.01]: Status - Active</content></item></list><list listType='ordered'><item><content ID='problem2'>Mumps pancreatitis [072.3]: Status - Active</content></item></list><list listType='ordered'><item><content ID='problem3'>Malignant neoplasm of body of pancreas [157.1]: Status - Resolved</content></item></list><list listType='ordered'><item><content ID='problem4'>Gout unspecified [274.10]: Status - Active</content></item></list>
               </text>
               <entry
                  typeCode="DRIV">
                  <act
                     classCode="ACT"
                     moodCode="EVN">
                     <!-- Problem act template -->
                     <templateId
                        root="2.16.840.1.113883.10.20.22.4.3"/>
                     <id
                        root="ac53963f-8c44-40e1-b202-df92088f9f78"/>
                     <code
                        code="CONC"
                        codeSystem="2.16.840.1.113883.5.6"
                        displayName="Concern"/>
                     <statusCode
                        code="completed"/>
                     <effectiveTime>
                        <low
                           value="20130612"/>
                     </effectiveTime>
                     <entryRelationship
                        typeCode="SUBJ">
                        <observation
                           classCode="OBS"
                           moodCode="EVN">
                           <!-- Problem observation template -->
                           <templateId
                              root="2.16.840.1.113883.10.20.22.4.4"/>
                           <id
                              root="ab1791b0-5c71-11db-b0de-0800200c9a66"/>
                           <code
                              code="409586006"
                              codeSystem="2.16.840.1.113883.6.96"
                              displayName="Complaint"/>
                           <text>
                              <reference
                                 value="#problem1"/>
                           </text>
                           <statusCode
                              code="completed"/>
                           <effectiveTime>
                              <low value="20130612"/>
                           </effectiveTime>
                           <value
                              xsi:type="CD"
                              code="249.01"
                              codeSystem="2.16.840.1.113883.6.103"
                              displayName="Secondary diabetes mellitus uncontrolled"/>
                           <entryRelationship typeCode="REFR">
                              <observation classCode="OBS" moodCode="EVN">
                                 <!-- Status observation template -->
                                 <templateId root="2.16.840.1.113883.10.20.22.4.6"/>
                                 <code xsi:type="CE" 
                                    code="33999-4" 
                                    codeSystem="2.16.840.1.113883.6.1"
                                    codeSystemName="LOINC" 
                                    displayName="Status"/>
                                 <text><reference
                                    value="#problem1"/></text>
                                 <statusCode code="completed"/>
                                 <value xsi:type="CD" 
                                    code="55561003"
                                    codeSystem="2.16.840.1.113883.6.96"
                                    codeSystemName="SNOMED CT" 
                                    displayName="Active"/>
                              </observation>
                           </entryRelationship>
                        </observation>
                     </entryRelationship>
                  </act>
               </entry>

               <entry
                  typeCode="DRIV">
                  <act
                     classCode="ACT"
                     moodCode="EVN">
                     <!-- Problem act template -->
                     <templateId
                        root="2.16.840.1.113883.10.20.22.4.3"/>
                     <id
                        root="2052bee2-0afa-4eb7-9967-37639f54a491"/>
                     <code
                        code="CONC"
                        codeSystem="2.16.840.1.113883.5.6"
                        displayName="Concern"/>
                     <statusCode
                        code="completed"/>
                     <effectiveTime>
                        <low
                           value="20130612"/>
                     </effectiveTime>
                     <entryRelationship
                        typeCode="SUBJ">
                        <observation
                           classCode="OBS"
                           moodCode="EVN">
                           <!-- Problem observation template -->
                           <templateId
                              root="2.16.840.1.113883.10.20.22.4.4"/>
                           <id
                              root="ab1791b0-5c71-11db-b0de-0800200c9a66"/>
                           <code
                              code="409586006"
                              codeSystem="2.16.840.1.113883.6.96"
                              displayName="Complaint"/>
                           <text>
                              <reference
                                 value="#problem2"/>
                           </text>
                           <statusCode
                              code="completed"/>
                           <effectiveTime>
                              <low value="20130612"/>
                           </effectiveTime>
                           <value
                              xsi:type="CD"
                              code="072.3"
                              codeSystem="2.16.840.1.113883.6.103"
                              displayName="Mumps pancreatitis"/>
                           <entryRelationship typeCode="REFR">
                              <observation classCode="OBS" moodCode="EVN">
                                 <!-- Status observation template -->
                                 <templateId root="2.16.840.1.113883.10.20.22.4.6"/>
                                 <code xsi:type="CE" 
                                    code="33999-4" 
                                    codeSystem="2.16.840.1.113883.6.1"
                                    codeSystemName="LOINC" 
                                    displayName="Status"/>
                                 <text><reference
                                    value="#problem2"/></text>
                                 <statusCode code="completed"/>
                                 <value xsi:type="CD" 
                                    code="55561003"
                                    codeSystem="2.16.840.1.113883.6.96"
                                    codeSystemName="SNOMED CT" 
                                    displayName="Active"/>
                              </observation>
                           </entryRelationship>
                        </observation>
                     </entryRelationship>
                  </act>
               </entry>

               <entry
                  typeCode="DRIV">
                  <act
                     classCode="ACT"
                     moodCode="EVN">
                     <!-- Problem act template -->
                     <templateId
                        root="2.16.840.1.113883.10.20.22.4.3"/>
                     <id
                        root="fd28cc85-540f-4480-adc4-3770f38435ca"/>
                     <code
                        code="CONC"
                        codeSystem="2.16.840.1.113883.5.6"
                        displayName="Concern"/>
                     <statusCode
                        code="completed"/>
                     <effectiveTime>
                        <low
                           value="20131009"/>
                        <high
                           value="20140208"/>
                     </effectiveTime>
                     <entryRelationship
                        typeCode="SUBJ">
                        <observation
                           classCode="OBS"
                           moodCode="EVN">
                           <!-- Problem observation template -->
                           <templateId
                              root="2.16.840.1.113883.10.20.22.4.4"/>
                           <id
                              root="ab1791b0-5c71-11db-b0de-0800200c9a66"/>
                           <code
                              code="409586006"
                              codeSystem="2.16.840.1.113883.6.96"
                              displayName="Complaint"/>
                           <text>
                              <reference
                                 value="#problem3"/>
                           </text>
                           <statusCode
                              code="completed"/>
                           <effectiveTime>
                              <low value="20131009"/>
                              <high value="20140208"/>
                           </effectiveTime>
                           <value
                              xsi:type="CD"
                              code="157.1"
                              codeSystem="2.16.840.1.113883.6.103"
                              displayName="Malignant neoplasm of body of pancreas"/>
                           <entryRelationship
                              typeCode="SUBJ"
                              inversionInd="true">
                              <observation
                                 classCode="OBS"
                                 moodCode="EVN">
                                 <templateId
                                    root="2.16.840.1.113883.10.20.22.4.31"/>
                                 <!--    Age observation template   -->
                                 <code
                                    code="445518008"
                                    codeSystem="2.16.840.1.113883.6.96"
                                    displayName="Age At Onset"/>
                                 <statusCode
                                    code="completed"/>
                                 <value
                                    xsi:type="PQ"
                                    value="65"
                                    unit="a"/>
                              </observation>
                           </entryRelationship>
                           <entryRelationship
                              typeCode="REFR">
                              <observation
                                 classCode="OBS"
                                 moodCode="EVN">
                                 <templateId
                                    root="2.16.840.1.113883.10.20.22.4.5"/>
                                 <!-- Health status observation template -->
                                 <code xsi:type="CE"
                                    code="11323-3"
                                    codeSystem="2.16.840.1.113883.6.1"
                                    codeSystemName="LOINC"
                                    displayName="Health status"/>
                                 <text><reference
                                       value="#problems"/></text>
                                 <statusCode
                                    code="completed"/>
                                 <value
                                    xsi:type="CD"
                                    code="162467007"
                                    codeSystem="2.16.840.1.113883.6.96"
                                    codeSystemName="SNOMED CT"
                                    displayName="Symptom Free"/>
                              </observation>
                           </entryRelationship>
                           <entryRelationship typeCode="REFR">
                              <observation classCode="OBS" moodCode="EVN">
                                 <!-- Status observation template -->
                                 <templateId root="2.16.840.1.113883.10.20.22.4.6"/>
                                 <code xsi:type="CE" 
                                    code="33999-4" 
                                    codeSystem="2.16.840.1.113883.6.1"
                                    codeSystemName="LOINC" 
                                    displayName="Status"/>
                                 <text><reference
                                    value="#problem3"/></text>
                                 <statusCode code="completed"/>
                                 <value xsi:type="CD" 
                                    code="413322009"
                                    codeSystem="2.16.840.1.113883.6.96"
                                    codeSystemName="SNOMED CT" 
                                    displayName="Resolved"/>
                              </observation>
                           </entryRelationship>
                        </observation>
                     </entryRelationship>
                  </act>
               </entry>

               <entry
                  typeCode="DRIV">
                  <act
                     classCode="ACT"
                     moodCode="EVN">
                     <!-- Problem act template -->
                     <templateId
                        root="2.16.840.1.113883.10.20.22.4.3"/>
                     <id
                        root="fe7e3523-3100-49d9-ac57-fa64467c5664"/>
                     <code
                        code="CONC"
                        codeSystem="2.16.840.1.113883.5.6"
                        displayName="Concern"/>
                     <statusCode
                        code="completed"/>
                     <effectiveTime>
                        <low
                           value="20140205"/>
                     </effectiveTime>
                     <entryRelationship
                        typeCode="SUBJ">
                        <observation
                           classCode="OBS"
                           moodCode="EVN">
                           <!-- Problem observation template -->
                           <templateId
                              root="2.16.840.1.113883.10.20.22.4.4"/>
                           <id
                              root="ab1791b0-5c71-11db-b0de-0800200c9a66"/>
                           <code
                              code="409586006"
                              codeSystem="2.16.840.1.113883.6.96"
                              displayName="Complaint"/>
                           <text>
                              <reference
                                 value="#problem4"/>
                           </text>
                           <statusCode
                              code="completed"/>
                           <effectiveTime>
                              <low value="20140205"/>
                           </effectiveTime>
                           <value
                              xsi:type="CD"
                              code="274.10"
                              codeSystem="2.16.840.1.113883.6.103"
                              displayName="Gout unspecified"/>
                           <entryRelationship typeCode="REFR">
                              <observation classCode="OBS" moodCode="EVN">
                                 <!-- Status observation template -->
                                 <templateId root="2.16.840.1.113883.10.20.22.4.6"/>
                                 <code xsi:type="CE" 
                                    code="33999-4" 
                                    codeSystem="2.16.840.1.113883.6.1"
                                    codeSystemName="LOINC" 
                                    displayName="Status"/>
                                 <text><reference
                                    value="#problem4"/></text>
                                 <statusCode code="completed"/>
                                 <value xsi:type="CD" 
                                    code="55561003"
                                    codeSystem="2.16.840.1.113883.6.96"
                                    codeSystemName="SNOMED CT" 
                                    displayName="Active"/>
                              </observation>
                           </entryRelationship>
                        </observation>
                     </entryRelationship>
                  </act>
               </entry>


            </section>
         </component>
         
         <!--
********************************************************
PROCEDURES
********************************************************
-->
         <component>
            <section>
               <templateId
                  root="2.16.840.1.113883.10.20.22.2.7.1"/>
               <!-- Procedures section template -->
               <code
                  code="47519-4"
                  codeSystem="2.16.840.1.113883.6.1"
                  codeSystemName="LOINC"
                  displayName="HISTORY OF PROCEDURES"/>
               <title>PROCEDURES</title>
               <text>
                  <table
                     border="1"
                     width="100%">
                     <thead>
                        <tr>
                           <th>Procedure</th>
                           <th>Date</th>
                        </tr>
                     </thead>
                     <tbody>
                        
                     </tbody>
                  </table>
               </text>

            </section>
         </component>
         
         <!--
********************************************************
SOCIAL HISTORY
********************************************************
-->
         <component>
            <!--   Social History ******** -->
            <section>
               <templateId
                  root="2.16.840.1.113883.10.20.22.2.17"/>
               <!--  ********  Social history section template   ******** -->
               <code
                  code="29762-2"
                  codeSystem="2.16.840.1.113883.6.1"
                  displayName="Social History"/>
               <title>SOCIAL HISTORY</title>
               <text>
                  <table
                     border="1"
                     width="100%">
                     <thead>
                        <tr>
                           <th>Social History Element</th>
                           <th>Description</th>
                           <th>Effective Dates</th>
                        </tr>
                     </thead>
                     <tbody>
                        
                     </tbody>
                  </table>
               </text>

            </section>
         </component>
         
         <!--
********************************************************
VITAL SIGNS
********************************************************
-->
         <component>
            <section>
               <templateId
                  root="2.16.840.1.113883.10.20.22.2.4.1"/>
               <code
                  code="8716-3"
                  codeSystem="2.16.840.1.113883.6.1"
                  codeSystemName="LOINC"
                  displayName="VITAL SIGNS"/>
               <title>VITAL SIGNS</title>
               <text>
                  <table
                     border="1"
                     width="100%">
                     <thead><tr><th align="right">Date / Time: </th><th>06-12-2013 03:42 PM</th></tr></thead><tbody></tbody>
                  </table>
               </text>
               <entry typeCode="DRIV"><organizer classCode="CLUSTER" moodCode="EVN"><templateId root="2.16.840.1.113883.10.20.22.4.26"/><id root="c8d8302f-6652-4b8f-a9fb-e4840025aa2b"/><code code="46680005" codeSystem="2.16.840.1.113883.6.96" codeSystemName="SNOMED-CT" displayName="Vital signs"/><statusCode code="completed"/><effectiveTime value="20130612"/>                  </organizer>               </entry>
            </section>
         </component>
  
      </structuredBody>
   </component>
</ClinicalDocument>
